cluster,valence,energy,danceability,tempo,user
0,0.24570180450663798,0.35241002608349337,0.533950641342131,0.5074216987593897,riya
1,0.6641428178901203,0.5741656653983274,0.7192134565863274,0.5398674740023697,riya
2,0.3052863044157098,0.7401618364853166,0.65505083148696,0.5793826113821695,riya
3,0.02725913708638744,0.8325476479414387,0.19625603467585845,0.4723450597492597,riya
