cluster,valence,energy,danceability,tempo,user
0,1.1102230246251565e-16,0.0,1.1102230246251565e-16,1.1102230246251565e-16,dishita
1,0.41757641595025075,0.5518070617868721,0.6473341868030827,0.554029595993251,dishita
2,0.7875984375184717,0.5991668044774847,0.7636731995212552,0.519130857747192,dishita
3,0.17556494737512296,0.09244333535841293,0.44559146183289977,0.41256394879056346,dishita
