danceability,energy,valence,tempo,loudness,acousticness,instrumentalness,speechiness,liveness,key,mode,time_signature,user
0.6638918862387579,0.5949877856683041,0.5508544493863637,0.4842988586279579,0.8513503809066585,0.23211911366285753,0.035680977434255905,0.12740719707804496,0.16871916812416363,0.45900990178933615,0.39973836899168835,0.736774857065467,andy
0.6290056527664035,0.4698342066094092,0.5011613706528311,0.49165154043328047,0.7611889124242188,0.37983012813191297,0.22307149352850086,0.1028413621263358,0.15784128970860917,0.4925428908872756,0.45789761474509566,0.7446475191775869,dishita
0.6070433158986969,0.576574397433926,0.38714360861162944,0.5370341596811234,0.7594069887920597,0.3357933352743488,0.27130726949585143,0.08145219151663415,0.22774179444872233,0.45806767415416,0.5725932234002462,0.772764176500734,riya
0.620590960556635,0.6686520768899015,0.5008716008043713,0.521246017234682,0.8532150088281266,0.2755476948898252,0.026702174281413835,0.08857721501336922,0.16663499791688208,0.504177171803071,0.5686373331825435,0.7820632670727367,priyanka
